region,artist_name,title,permalink,machine_clusters
Americas,"Jennifer Allora, Guillermo Calzadilla",Land Mark (Foot Prints) #12,https://kadist.org/work/land-mark-foot-prints-12/,"Arts,Inequality,Land"
Unspecified,Gabriel Kuri,Untitled (Ticket Roll),https://kadist.org/work/untitled-ticket-roll/,"Immaterial,Time,Community"
Americas,Renee Rhodes,Moving Clocks Change Rhythm,https://kadist.org/work/moving-clocks-change-rhythm/,"Arts,Mind,Language"
Americas,Fiamma Montezemolo,Fireflies,https://kadist.org/work/fireflies/,"Body,Time,Materiality"
Europe,Mladen Stilinovic,Exploitation of the Dead,https://kadist.org/work/exploitation-of-the-dead/,"Arts,Design,Media"
Unspecified,Federico Herrero,Arbol y Pelicao (Tree and Pelican),https://kadist.org/work/arbol-y-pelicao-tree-and-pelican/,"Arts,Space,Design"
Americas,Jennifer Allora,Intermission (Halloween Iraq IV),https://kadist.org/work/intermission-halloween-iraq-iv/,"War,Land,Violence"
Americas,Brenna Youngblood,Red Door,https://kadist.org/work/red-door/,"Land,Urbanization,Time"
Europe,Francis Alÿs,Pink Man Walking on Boats with Woman Following,https://kadist.org/work/pink-man-walking-on-boats-with-woman-following/,"Values,Culture,Geopolitics"
Europe,Francis Alÿs,Boat with Legs,https://kadist.org/work/boat-with-legs/,"Values,Culture,Geopolitics"
Unspecified,Diego Rivera,Shasta,https://kadist.org/work/shasta/,"Land,Technology,Urbanization"
Americas,Bernardo Ortiz,Casa de la cabeza (House of the head),https://kadist.org/work/casa-de-la-cabeza/,"Culture,Language,Mind"
Unspecified,Gabriel Orozco,Perro en Tlalpan (Dog in Tlalpan),https://kadist.org/work/perro-en-tlalpan-dog-in-tlalpan/,"Land,Urbanization,History"
Unspecified,José Leonilson,O Africano,https://kadist.org/work/o-africano/,"History,Geopolitics,Politics"
Americas,Gregory Crewdson,Forest Gathering N.2,https://kadist.org/work/forest-gathering-n-2/,"Fantasy,Arts,Spirituality"
Europe,Michael Craig-Martin,Untitled (violet),https://kadist.org/work/untitled-violet/,"Design,Arts,Media"
Europe,Maria Bussman,Search for the origin of the work of art or on the way to Heidegger’s cabin,https://kadist.org/work/search-for-the-origin-of-the-work-of-art-or-on-the-way-to-heideggers-cabin/,"Arts,Mind,Language"
Europe,Zarina Bhimji,Bapa Closed His Heart. It Was Over,https://kadist.org/work/bapa-closed-his-heart-it-was-over/,"Arts,Technology,Land"
Europe,Ryan Gander,You see with no lights,https://kadist.org/work/you-see-with-no-lights/,"Arts,Design,Technology"
Europe,Charlotte Moth,The Absent Forms,https://kadist.org/work/the-absent-forms/,"Materiality,Arts,Mind"
Europe,Douglas Gordon,Blind Spencer (Mirror),https://kadist.org/work/blind-spencer-mirror/,"Body,Media,Culture"
Europe,Tacita Dean,Baobab,https://kadist.org/work/baobab/,"Arts,Land,Media"
Europe,Joachim Koester,Tarantism,https://kadist.org/work/tarantism/,"Arts,Mind,Power"
Europe,Matthew Darbyshire,Untitled: Furniture Island No. 3,https://kadist.org/work/untitled-furniture-island-no-3/,"Arts,Land,Materiality"
Europe,Tino Sehgal,This exhibition,https://kadist.org/work/this-exhibition/,"Violence,Body,Economy"
Middle East & Africa,Guy Ben-Ner,Wild Boy,https://kadist.org/work/wild-boy/,"Mind,Culture,Values"
Asia,Vivek Vilasini,Housing Dreams Walls,https://kadist.org/work/housing-dreams-walls/,"Urbanization,Economy,Community"
Middle East & Africa,Meschac Gaba,Hubert Maga (perruque MAVA-musée d'art de la vie active),https://kadist.org/work/untitled-29/,"Arts,Technology,Land"
Europe,Haris Epaminonda,Tarahi V,https://kadist.org/work/tarahi-v/,"Urbanization,Land,Technology"
Europe,Haris Epaminonda,Tarahi VI,https://kadist.org/work/tarahi-vi/,"Urbanization,Land,Technology"
Asia,Meiro Koizumi,Inder Kommen Sie / It’s a Comedy,https://kadist.org/work/inder-kommen-sie-its-a-comedy/,"Language,Land,Fantasy"
Europe,Willie Doherty,Out of the Shadows II,https://kadist.org/work/out-of-the-shadows-ii/,"War,Violence,Mind"
Europe,Michael Landy,H.2.N.Y Skeleton of the Dump,https://kadist.org/work/h-2-n-y-skeleton-of-the-dump/,"Arts,Technology,History"
Europe,Francis Alÿs,The Nightwatch,https://kadist.org/work/the-nightwatch/,"Arts,History,Economy"
Europe,Evariste Richer,Cumulonimbus capillatus incus,https://kadist.org/work/cumulonimbus-capillatus-incus/,"Mind,Spirituality,Identity"
Europe,Eric Dizambourg,Le mouton noir,https://kadist.org/work/le-mouton-noir/,"Fantasy,Mind,Spirituality"
Europe,Eric Dizambourg,Greffe sur patte,https://kadist.org/work/greffe-sur-patte/,"Land,Arts"
Americas,Jason Dodge,Above the Weather,https://kadist.org/work/above-the-weather/,"Arts,Language,Spirituality"
Europe,Simon Starling,Nachbau,https://kadist.org/work/nachbau/,"Arts,Politics,Economy"
Americas,Natasha Wheat,"Be Oblivion, in Disconnect",https://kadist.org/work/be-oblivion-in-disconnect/,"Language,Arts,Time"
Americas,Hank Willis Thomas,I am the Greatest,https://kadist.org/work/i-am-the-greatest/,Environmental
Americas,Jeffry Mitchell,The Carpenter,https://kadist.org/work/the-carpenter/,
Americas,Jeffry Mitchell,Man and Pet,https://kadist.org/work/man-and-pet/,"Arts,Economy,Design"
Americas,Jason Meadows,Do Not Pass Go,https://kadist.org/work/do-not-pass-go/,"Fantasy,Spirituality,Economy"
Americas,Colter Jacobsen,Untitled (Untitled Passport II),https://kadist.org/work/untitled-untitled-passport-ii/,"Media,Arts,Technology"
Europe,Wernor Herzog,Hearsay of the Soul,https://kadist.org/work/hearsay-of-the-soul/,"Arts,Technology,Land"
Americas,Christopher Badger,Drowned Wood Standing Coiled,https://kadist.org/work/drowned-wood-standing-coiled/,"Materiality,Physics,Fantasy"
Americas,Jeffry Mitchell,The Swimmer,https://kadist.org/work/the-swimmer/,Colonization
Americas,Daniel Joseph Martinez,I used to eat lemon meringue pie till I overloaded on my pancreas with sugar and passed out; It seemed to be a natural response to a society of abundance,https://kadist.org/work/i-used-to-eat-lemon-meringue-pie-till-i-overloaded-on-my-pancreas-with-sugar-and-passed-out-it-seemed-to-be-a-natural-response-to-a-society-of-abundance/,"Power,Media,Time"
Americas,Charles Gaines,"Shadows V, Set of 3",https://kadist.org/work/shadows-v-set-of-3/,"Arts,Spirituality,Language"
Europe,Dora Garcia,Klau Mich,https://kadist.org/work/klau-mich/,"Media,Activism,Technology"
Americas,Anthony Goicolea,Related 3b,https://kadist.org/work/related-3b/,"Geopolitics,Time,Activism"
Americas,Anthony Goicolea,Related 3a,https://kadist.org/work/related-3a/,"Geopolitics,Time,Activism"
Middle East & Africa,Walid Raad,Appendix XVIII: Plates,https://kadist.org/work/appendix-xviii-plates/,"Violence,War,Land"
Americas,Chloe Piene,Armless,https://kadist.org/work/armless/,"Design,Media,Arts"
Asia,Pratchaya Phinthong,Untitled 2,https://kadist.org/work/untitled-2-2/,"Media,Materiality,Design"
Asia,Pratchaya Phinthong,Untitled 1,https://kadist.org/work/untitled-1/,"Media,Materiality,Design"
Asia,Pratchaya Phinthong,"What I learned I no longer know; the little I still know, I guessed",https://kadist.org/work/what-i-learned-i-no-longer-know-the-little-i-still-know-i-guessed/,"Arts,Land,Media"
Asia,Pratchaya Phinthong,If I dig a very deep hole,https://kadist.org/work/if-i-dig-a-very-deep-hole/,"Power,Language,Time"
Americas,Gabriel Orozco,Columpio,https://kadist.org/work/columpio/,"Land,Urbanization,Arts"
Americas,Gabriel Orozco,Cemetery #1,https://kadist.org/work/cemetery-1/,"Land,Urbanization,Arts"
Europe,Jean-Luc Moulène,Le noeud coulant,https://kadist.org/work/le-noeud-coulant/,"Body,Time"
Americas,Raymond Pettibon,Owl,https://kadist.org/work/owl/,"Design,Arts,Media"
Americas,Raymond Pettibon,No Title (Without the comics),https://kadist.org/work/no-title-without-the-comics/,"Culture,Fantasy,Emotion"
Americas,Raymond Pettibon,No Title (Eh What Do?),https://kadist.org/work/no-title-eh-what-do/,"Arts,Fantasy,Design"
Americas,Raymond Pettibon,Mushroom Cloud,https://kadist.org/work/mushroom-cloud/,"War,Design,Arts"
Americas,Catherine Opie,Raven (gun),https://kadist.org/work/raven-gun/,"Emotion,Community,War"
Americas,Catherine Opie,Alistair Fate,https://kadist.org/work/alistair-fate/,"Arts,Culture,Identity"
Americas,Catherine Opie,Mike and Sky,https://kadist.org/work/mike-and-sky/,"Identity,Arts,Body"
Americas,Shaun O'Dell,Purple Brush 8,https://kadist.org/work/purple-brush-8/,"Arts,Technology,Mind"
Americas,Shaun O'Dell,"Temple Creek, a branch of Escalante River, Aquarius Plateau Utah n.d. (Stereoscopic view)",https://kadist.org/work/temple-creek-a-branch-of-escalante-river-aquarius-plateau-utah-n-d-stereoscopic-view/,"Arts,Physics,Land"
Americas,Kristen Morgin,Jeep Comics,https://kadist.org/work/jeep-comics/,"Identity,Materiality,Design"
Americas,Kristen Morgin,Donald of Doom Tank,https://kadist.org/work/donald-of-doom-tank/,"Design,Arts,Materiality"
Americas,Julio Cesar Morales,Undocumented Intervention,https://kadist.org/work/undocumented-intervention/,"Urbanization,Land,Geopolitics"
Americas,Julio Cesar Morales,Interrupted Passage,https://kadist.org/work/interrupted-passage/,"Arts,History,Culture"
Americas,Gareth Moore,"Map (from Uncertain Pilgrimage), 2006-2009",https://kadist.org/work/map-from-uncertain-pilgrimage-2006-2009/,"Arts,Media,Design"
Americas,Jason Meadows,Holly Golightly,https://kadist.org/work/holly-golightly/,"Fantasy,Language,Arts"
Americas,Paul McCarthy,Mickey Mouse,https://kadist.org/work/mickey-mouse/,"Culture,Economy,Materiality"
Middle East & Africa,Miri Segal,"BRB (""be right back"")",https://kadist.org/work/brb-be-right-back/,"Media,Language,Power"
Middle East & Africa,Fikret Atay,Rebels of the Dance,https://kadist.org/work/rebels-of-the-dance/,"Arts,Technology,Language"
Americas,Eleanor Antin,100 Boots,https://kadist.org/work/100-boots/,"Power,Activism,Arts"
Americas,Joe Scanlan,Spring Line,https://kadist.org/work/spring-line/,"Values,Mind,Culture"
Europe,Harun Farocki,"Serious Games 3, Immersion",https://kadist.org/work/immersion/,"Media,Technology,Body"
Europe,Thea Djordjadze,And shadows will follow,https://kadist.org/work/and-shadows-will-follow/,"Power,Activism,Community"
Americas,Carlos Amorales,Useless Wonder,https://kadist.org/work/useless-wonder/,"Fantasy,Arts,Spirituality"
Europe,Mathilde Rosier,Far from Honolulu,https://kadist.org/work/far-from-honolulu/,"Emotion,Time,Economy"
Americas,Stan Douglas,Michigan Central Station,https://kadist.org/work/michigan-central-station/,"Power,Arts,Environmental"
Americas,Nathaniel Dorsky,Untitled 6/10 i-xxii,https://kadist.org/work/untitled-610-i-xxii/,"Arts,Materiality,Time"
Americas,Anthony Discenza,A Rising Tide Lifts All Boats,https://kadist.org/work/a-rising-tide-lifts-all-boats/,"Values,Mind,Culture"
Americas,Bjorn Copeland,"Sign series, #1, #2, #3",https://kadist.org/work/sign-series-123/,"Language,Arts,Culture"
Unspecified,Juan Araujo,Libro Ponti II,https://kadist.org/work/libro-ponti-ii/,"Arts,Land,Urbanization"
Americas,Bruce Conner,Untitled Inkblot Drawing (CT-1491),https://kadist.org/work/untitled-inkblot-drawing-ct-1491/,"Design,Culture,Time"
Americas,Bruce Conner,"27 Punk Photos: 11. Dim Wanker: F Word, May, 1978",https://kadist.org/work/27-punk-photos-11-dim-wanker-f-word-may-1978/,"Arts,Urbanization,Media"
Americas,Judy Chicago,"Domes, #1",https://kadist.org/work/domes-1/,"Emotion,Mind,Spirituality"
Asia,Jiang Zhi,Tremble,https://kadist.org/work/tremble/,"Spirituality,Familial,Culture"
Asia,Qing Zhang,603 Football Field,https://kadist.org/work/603-football-field/,"Media,Politics,Culture"
Unspecified,Wibowo Woto aka Wok the Rock,Vertical Horizon,https://kadist.org/work/vertical-horizon/,"Media,Technology,Body"
Americas,Adriano Costa,Westminster Agua Viva,https://kadist.org/work/westminster-agua-viva/,"Arts,Economy,Design"
Middle East & Africa,Etel Adnan,Untitled (Beirut),https://kadist.org/work/untitled-beirut/,"Arts,Materiality,Urbanization"
Europe,Andrei Monastyrski,Golden Lines,https://kadist.org/work/golden-lines/,"Activism,Power,Land"
Europe,Andrei Monastyrski,Aktionsplan (Map),https://kadist.org/work/aktionsplan/,"Activism,Design,Arts"
Europe,Taus Makhacheva,Let Me Be Part of a Narrative,https://kadist.org/work/let-me-be-part-narrative/,"Emotion,Spirituality,Power"
Americas,Tim Lee,"Party for your right to fight, public enemy, 1988",https://kadist.org/work/party-for-your-right-to-fight-public-enemy-1988/,"Arts,History,Technology"
Americas,Tim Lee,"Untitled (Alexander Rodchenko, 1928)",https://kadist.org/work/untitled-alexander-rodchenko-1928/,"Arts,Identity,History"
Americas,Luisa Lambri,Untitled (Sten-Frenke House #04),https://kadist.org/work/untitled-sten-frenke-house-04/,"Arts,Materiality,Space"
Americas,Luisa Lambri,"Untitled (Miller House, #02)",https://kadist.org/work/untitled-miller-house-02/,"Arts,Materiality,Immaterial"
Americas,Paul Kos,Sound of Ice Melting,https://kadist.org/work/sound-of-ice-melting/,"Mind,Time,Spirituality"
Americas,Edward Kienholz,Untitled (San Francisco),https://kadist.org/work/untitled-san-francisco/,"Urbanization,Arts,Land"
Americas,Mike Kelley,"Towhead n’Ganga enclosed in darkness, lorded over by the sexualized folded high priestless form",https://kadist.org/work/towhead-nganga-enclosed-in-darkness-lorded-over-by-the-sexualized-folded-high-priestless-form/,"Time,Materiality,Spirituality"
Americas,Jordan Kantor,Eclipse,https://kadist.org/work/eclipse/,"Physics,Power,Time"
Americas,Jordan Kantor,Lens Flare,https://kadist.org/work/lens-flare/,"Media,Technology,Time"
Americas,Rodney Graham,Dance!!!,https://kadist.org/work/dance/,"Arts,Values,Technology"
Americas,Tina Modotti,"Diego Rivera Mural: Billionaires Club; Ministry of Education, Mexico D.F., Third Gallery",https://kadist.org/work/diego-rivera-mural-billionaires-club-ministry-of-education-mexico-d-f-third-gallery/,"Economy,Arts,Politics"
Europe,Piero Golia,Untitled #1 #2 #3,https://kadist.org/work/untitled-1-2-3/,"Technology,Time,Violence"
Americas,Rachel Foster,Editioned Screenprints,https://kadist.org/work/editioned-screenprints/,"Language,Power,Mind"
Americas,Dr. Lakra,Cortes y la malinche,https://kadist.org/work/cortes-y-la-malinche/,"Land,Design,Urbanization"
Americas,Harrell Fletcher,The American War,https://kadist.org/work/the-american-war/,"Politics,War,Violence"
Unspecified,Yoan Capote,Open Mind,https://kadist.org/work/open-mind/,"Time,Materiality,Emotion"
Americas,Cildo Meireles,Sal Sem Carne,https://kadist.org/work/sal-sem-carne/,"Arts,History,Language"
Americas,Geoffrey Farmer,Ongoing Time Stabbed with a Dagger,https://kadist.org/work/ongoing-time-stabbed-with-a-dagger/,"Time,History,Arts"
Americas,Stan Douglas,Dice,https://kadist.org/work/dice/,"Arts,Media,History"
Unspecified,Pedro Reyes,Study for a Recycling Device,https://kadist.org/work/study-for-a-recycling-device/,"Arts,Technology,Mind"
Unspecified,Juan Araujo,Residencia Milan 1,https://kadist.org/work/residencia-milan-1/,"Arts,Land,Values"
Unspecified,Alexandre da Cunha,Laissez-Faire (Rainbow Flag),https://kadist.org/work/laissez-faire-rainbow-flag/,"Arts,Materiality,Design"
Unspecified,Johanna Calle,"Suburbia 1, Espinca bifida #3, Laconista7",https://kadist.org/work/suburbia-1-espinca-bifida-3-laconista7/,"Culture,Language,Urbanization"
Americas,Chris Johanson,Apartment on Cardboard,https://kadist.org/work/apartment-on-cardboard/,"Urbanization,Arts,Body"
Unspecified,Raimond Chaves,Partituras,https://kadist.org/work/partituras/,"Geopolitics,Body,Media"
Americas,Julian Hoeber,Execution Changes #22,https://kadist.org/work/execution-changes-22/,"Materiality,Design,Identity"
Americas,Todd Hido,Untitled 3737 and Untitled 5157,https://kadist.org/work/untitled-3737-and-untitled-5157/,"Arts,Time,Design"
Unspecified,Abraham Cruzvillegas,Tres cadencias,https://kadist.org/work/tres-cadencias/,"Arts,Design,Economy"
Americas,James Welling,Stowe,https://kadist.org/work/stowe/,"Arts,Design,Materiality"
Americas,James Welling,#17 Pink,https://kadist.org/work/17-pink/,"Materiality,Arts,Time"
Americas,Ian Wallace,Study for my Heroes in the Street (Stan),https://kadist.org/work/study-for-my-heroes-in-the-street-stan/,"Mind,Language,Urbanization"
Americas,Ed Ruscha,Splinters and Seconal,https://kadist.org/work/splinters-and-seconal/,Environmental
Americas,Conrad Ruiz,New Fall Lineup,https://kadist.org/work/new-fall-lineup/,"Fantasy,Spirituality,Mind"
Americas,Colter Jacobsen,Victory at Sea,https://kadist.org/work/victory-at-sea/,"Media,Arts,Technology"
Europe,Alain Séchas,Peace and Love,https://kadist.org/work/peace-and-love/,"Activism,Violence,Power"
Europe,Roman Ondak,Awaiting Enacted,https://kadist.org/work/awaiting-enacted/,"Media,Arts,Politics"
Europe,Roman Ondak,Slowed-down Journey,https://kadist.org/work/slowed-down-journey/,"Arts,Design,Media"
Asia,Roman Ondak,The Stray Man,https://kadist.org/work/the-stray-man/,"Emotion,Violence,Politics"
Europe,Anthony McCall,Line describing a cone,https://kadist.org/work/line-describing-a-cone/,"Media,Mind,Culture"
Europe,Anthony McCall,Fire Cycles III (Subcycle 10),https://kadist.org/work/fire-cycles-iii-subcycle-10/,"Identity,Arts,Activism"
Middle East & Africa,Akram Zaatari,"Anonymous, Studio Sherhazade",https://kadist.org/work/anonymous-studio-sherhazade/,"Culture,Arts,History"
Europe,Pavel Wolberg,Hebron,https://kadist.org/work/hebron/,"Land,Urbanization,Violence"
Americas,Kelley Walker,Black Star Press,https://kadist.org/work/black-star-press/,"Violence,Activism,Culture"
Americas,Colectivo Tercerunquinto,BF15+ pared,https://kadist.org/work/bf15-pared/,"War,Geopolitics,Design"
Europe,Christiane Baumgartner,Formation I + II,https://kadist.org/work/formation-i-ii/,"Arts,War,History"
Europe,Michel Auder,The Town,https://kadist.org/work/the-town/,"Urbanization,Arts,Mind"
Europe,Michel Auder,Talking Head,https://kadist.org/work/talking-head/,"Mind,Media,Community"
Middle East & Africa,Yto Barrada,Bus Logos,https://kadist.org/work/bus-logos/,"Arts,Economy,Geopolitics"
Europe,Jochen Lempert,Un voyage en Mer du Nord ( A trip to the North Sea),https://kadist.org/work/un-voyage-en-mer-du-nord-a-trip-to-the-north-sea/,"Time,Immaterial,Physics"
Europe,Bruno Serralongue,"Mr Joe Shrigley Jr, président de la nation Navajo",https://kadist.org/work/mr-joe-shrigley-jr-president-de-la-nation-navajo/,"Arts,Community"
Europe,Peter Friedl,"Map, 1969-2005",https://kadist.org/work/map-1969-2005/,"Culture,Mind,Fantasy"
Europe,Peter Friedl,New Kurdish Flag,https://kadist.org/work/new-kurdish-flag/,"Land,Activism,Immaterial"
Europe,Guillaume Leblon,Puits,https://kadist.org/work/puits/,"Arts,Economy,Materiality"
Americas,Allen Ruppersberg,Untitled (City Limits),https://kadist.org/work/untitled-city-limits/,"Urbanization,Arts,Land"
Americas,Alexis Smith,8 Ball Surfboard,https://kadist.org/work/8-ball-surfboard/,"Land,Media,Urbanization"
Europe,Raphaël Zarka,Les formes du repos #3,https://kadist.org/work/les-formes-du-repos-3/,"Land,Urbanization,Arts"
Middle East & Africa,Akram Zaatari,A girl and her brother. Studio Sherazade. 1960s,https://kadist.org/work/a-girl-and-her-brother-studio-sherazade-1960s/,"Arts,Familial,Identity"
Middle East & Africa,Akram Zaatari,Bashasha (left) and a friend. Studio Sherhazade,https://kadist.org/work/bashasha-left-and-a-friend-studio-sherhazade/,"Arts,History,Culture"
Americas,Fabiola Torres-Alzaga,"Adaptando la Carta #1, #2, #3, #4, #5",https://kadist.org/work/adaptando-la-carta-1-2-3-4-5/,"Materiality,Spirituality,Media"
Americas,Petra Cortright,Sickhands,https://kadist.org/work/sickhands/,"Materiality,Spirituality,Economy"
Americas,Petra Cortright,SpringValle_ber_girls,https://kadist.org/work/springvalle_ber_girls/,"Media,Time,Emotion"
Americas,John Houck,"Stamp -X, Stamp -Y",https://kadist.org/work/stamp-x-stamp-y/,"Familial,Body,Time"
Asia,Xu Tan,"Biennale, Dog",https://kadist.org/work/biennale-dog/,"Arts,Economy,Design"
Asia,Xu Tan,Shanghai Biennale Awaiting Your Arrival,https://kadist.org/work/shanghai-biennale-awaiting-your-arrival/,"Arts,Economy,Media"
Middle East & Africa,Shahzia Sikander,The Last Post,https://kadist.org/work/the-last-post/,"Arts,Economy,Power"
Asia,Chen Shaoxiong,Ink Diary,https://kadist.org/work/ink-diary/,"Time,Land,Mind"
Asia,Jiang Pengyi,Unregistered City series #1 #2 #7,https://kadist.org/work/unregistered-city-series-1-2-7/,"Fantasy,Urbanization,Arts"
Asia,Zhang Peili,A Gust of Wind,https://kadist.org/work/a-gust-of-wind/,"Spirituality,Colonization,Environmental"
Unspecified,Ho Tzu Nyen,The Cloud of Unknowing,https://kadist.org/work/the-cloud-of-unknowing/,"Politics,Power,Environmental"
Europe,Eric Baudelaire,"The Anabasis of May and Fusako Shigenobu, Masao Adachi, and 27 Years without Images.",https://kadist.org/work/the-anabasis-of-may-and-fusako-shigenobu-masao-adachi-and-27-years-without-images/,"Mind,Activism,Immaterial"
Europe,Charles Avery,"Untitled (Waiters dancing with Itinerants, Onomatopoeia)",https://kadist.org/work/untitled-waiters-dancing-with-itinerants-onomatopoeia/,"Materiality,Activism,War"
Americas,LaToya Ruby Frazier,Campaign for Braddock Hospital,https://kadist.org/work/campaign-for-braddock-hospital/,"Power,Environmental,Urbanization"
Europe,Goshka Macuga,Anti-Collage (Anda Rottenberg),https://kadist.org/work/anti-collage-anda-rottenberg/,"Politics,Inequality,Land"
Americas,Tony Oursler,Absentia,https://kadist.org/work/absentia/,"Technology,Fantasy,Arts"
Unspecified,Claudia Joskowicz,Drawn and Quartered,https://kadist.org/work/drawn-and-quartered/,"Media,Time,Arts"
Unspecified,Claudia Joskowicz,Vallegrande 1967,https://kadist.org/work/vallegrande-1967/,"Geopolitics,Time,Body"
Unspecified,Nicolás Paris,Metaphors of the presence or conversations at the speed of light,https://kadist.org/work/metaphors-of-the-presence-or-conversations-at-the-speed-of-light/,"Design,Physics,Mind"
Unspecified,Erick Beltran,The Individual Is a Mirage,https://kadist.org/work/the-individual-is-a-mirage/,"Identity,Fantasy,Spirituality"
Americas,Pablo Rasgado,Avenida Corona del Rosal,https://kadist.org/work/avenida-corona-del-rosal/,"Environmental,Power,Urbanization"
Asia,Adrian Wong,Untitled (Grate I/II: Shan Mei Playground/ Grand Fortune Mansion),https://kadist.org/work/untitled-grate-iii-shan-mei-playground-grand-fortune-mansion/,"Time,History,Language"
Asia,Sriwhana Spong,Beach Study,https://kadist.org/work/beach-study/,"Arts,Time,Mind"
Asia,Takahiro Iwasaki,Tectonic Model,https://kadist.org/work/tectonic-model/,"Arts,Media,Technology"
Asia,Takahiro Iwasaki,Edinburgh Castle on the Bin Bag,https://kadist.org/work/edinburgh-castle-on-the-bin-bag/,"Time,Body,Environmental"
Americas,Juan Capistran,White Minority,https://kadist.org/work/white-minority/,"Language,Identity,Culture"
Americas,Juan Capistran,The Breaks,https://kadist.org/work/the-breaks/,"Culture,Familial,Environmental"
Americas,Jedediah Caesar,JCA-25-SC,https://kadist.org/work/jca-25-sc/,Design
Americas,Luke Butler,Captain X,https://kadist.org/work/captain-x/,"Fantasy,Power,Culture"
Americas,Jennifer Bornstein,Collectors’ Favorites,https://kadist.org/work/collectors-favorites/,"Arts,Economy,Time"
Americas,Walead Beshty,"Black Curl (CMY/Five Magnet: Irvine, California, March 25, 2010, Fujicolor Cyrstal Archive Super Type C, EM No 165-021, 05910)",https://kadist.org/work/black-curl-cmyfive-magnet-irvine-california-march-25-2010-fujicolor-cyrstal-archive-super-type-c-em-no-165-021-05910/,"Arts,Materiality,Land"
Americas,Wallace Berman,Untitled (Shuffle),https://kadist.org/work/untitled-shuffle/,"Design,Media,Arts"
Americas,David Berezin,Are You Lonely Mr. Claus?,https://kadist.org/work/are-you-lonely-mr-claus/,"Mind,Arts,Fantasy"
Americas,David Berezin,Eric Goes to Jail,https://kadist.org/work/eric-goes-jail/,"Fantasy,Arts,Mind"
Europe,Arseniy Zhilyaev,"Time Is Working on Kommunism, 2010",https://kadist.org/work/time-is-working-on-kommunism-2010/,"History,Culture,Economy"
Europe,Bernard Piffaretti,Untitled,https://kadist.org/work/no-title/,"Time,Mind,Inequality"
Europe,Adrien Missika,Botanical Frottage (Lauren),https://kadist.org/work/botanical-frottage-lauren/,"Arts,Technology,Space"
Europe,Pablo Pijnappel,Felicitas,https://kadist.org/work/felicitas/,"Media,Fantasy,Arts"
Europe,Jonathan Monk,Untitled (Rolled up),https://kadist.org/work/untitled-rolled-up/,"Arts,Materiality,Identity"
Europe,Dora Garcia,What a fucking wonderful audience,https://kadist.org/work/what-a-fucking-wonderful-audience/,"Culture,Language,Economy"
Europe,Lars Laumann,Berlinmuren,https://kadist.org/work/berlinmuren/,"Arts,Mind,Urbanization"
Middle East & Africa,Omer Fast,A Tank Translated,https://kadist.org/work/a-tank-translated/,"Emotion,Land,Urbanization"
Europe,Maaike Schoorel,The Garden,https://kadist.org/work/the-garden/,"Time,History,Immaterial"
Europe,Dominique Petitgand,Le bout de la langue,https://kadist.org/work/le-bout-de-la-langue/,"Culture,Time,Mind"
Americas,Miguel Angel Rojas,Medellín-New York,https://kadist.org/work/medellin-new-york/,"Economy,Language,Inequality"
Americas,Valeska Soares,La Ligne du Temps,https://kadist.org/work/la-ligne-du-temps/,"Time,Mind,Body"
Europe,Jonathan Monk,Something contained removed,https://kadist.org/work/something-contained-removed/,"Technology,Media,Emotion"
Americas,Jonathan Monk,Happy Birthday,https://kadist.org/work/happy-birthday/,"Technology,Media,Materiality"
Americas,Daria Martin,Soft Materials,https://kadist.org/work/soft-materials/,"Arts,Power,Technology"
Europe,Julius Koller,Anti-Happening,https://kadist.org/work/anti-happening/,"Time,Mind,Spirituality"
Asia,Young-Hae Chang Heavy Industries,PACIFIC LIMN,https://kadist.org/work/pacific-limn/,"Arts,Language,Fantasy"
Unspecified,Apichatpong Weerasethakul,Haunted Houses,https://kadist.org/work/haunted-houses/,"Media,Spirituality,Mind"
Asia,Du Zhenjun,The Tower of Babel: Independence of the country,https://kadist.org/work/the-tower-of-babel-independence-of-the-country/,"Time,Power,Arts"
Asia,Du Zhenjun,The Tower of Babel: The Carnaval,https://kadist.org/work/the-tower-of-babel-the-carnaval/,"Time,Power,Arts"
Asia,Qiu Anxiong,Portrait: Cover and Clean,https://kadist.org/work/portrait-cover-and-clean/,"Materiality,Arts,Fantasy"
Europe,Andrew Grassie,After the Archive Collections Room,https://kadist.org/work/after-the-archive/,"Land,Urbanization,Geopolitics"
Americas,Pascal Grandmaison,Solo,https://kadist.org/work/solo/,"Time,Politics,Body"
Europe,Vidya Gastaldon,Floating Mountain (Mt Hemo),https://kadist.org/work/floating-mountain/,"Identity,Arts,Economy"
Unspecified,Sergio De La Torre,Nuevo Dragon City,https://kadist.org/work/nuevo-dragon-city/,"Arts,Body,Geopolitics"
Unspecified,Miguel Calderon,Tropical Vulture,https://kadist.org/work/tropical-vulture/,"Emotion,Materiality,Violence"
Americas,Nao Bustamante,Silver & Gold,https://kadist.org/work/silver-gold/,"Media,Activism,Values"
Unspecified,Alexandre Arrechea,White Corner,https://kadist.org/work/white-corner/,"Technology,Inequality,Violence"
Asia,Tomoko Yoneda,Japanese House Series,https://kadist.org/work/japanese-house-series/,"War,Arts,Mind"
Asia,Lin Yilin,The Result of 1000 Pieces,https://kadist.org/work/the-result-of-1000-pieces/,"Arts,Environmental,Space"
Asia,Lin Yilin,Safely Maneuvering Across Lin He Road,https://kadist.org/work/safely-maneuvering-across-lin-he-road/,"Power,Arts,Time"
Asia,Haegue Yang,Office Voodoo,https://kadist.org/work/office-voodoo/,"Land,History,Time"
Asia,Sun Xun,21 Ke (21 Grams),https://kadist.org/work/21-ke-21-grams/,"Arts,Fantasy,Economy"
Asia,Kan Xuan,Island,https://kadist.org/work/island/,"Arts,Economy,Media"
Americas,Brian Jungen,"Subject, Silver, Prism",https://kadist.org/work/subject-silver-prism/,"Arts,Economy,Design"
Americas,William E. Jones,"Restaurant, Canton, Ohio",https://kadist.org/work/restaurant-canton-ohio/,"Power,Economy,Arts"
Americas,William E. Jones,"Hercules Engines, Abandoned, Canton, Ohio",https://kadist.org/work/hercules-engines-abandoned-canton-ohio/,"Arts,Power,Urbanization"
Americas,William E. Jones,Killed,https://kadist.org/work/killed/,"Economy,Arts,Design"
Americas,Chris Johanson,"I am Human, Abstract Foil, No Humans IV",https://kadist.org/work/i-am-human-abstract-foil-no-humans-iv/,"Space,Time,Body"
Unspecified,Alexandre da Cunha,Glaze (Savana),https://kadist.org/work/glaze-savana/,"Media,Mind,Arts"
Unspecified,Abraham Cruzvillegas,Wright Imperial Hotel,https://kadist.org/work/wright-imperial-hotel/,"Politics,Colonization,Arts"
Americas,Fran Herndon,White Angel,https://kadist.org/work/white-angel/,"Urbanization,Land,Culture"
Americas,Karl Haendel,Knight #6,https://kadist.org/work/knight-6/,"Identity,Power,Design"
Americas,John Gutmann,From the North Tower of the Golden Gate Bridge San Francisco and Nob Hill San Francisco,https://kadist.org/work/from-the-north-tower-of-the-golden-gate-bridge-san-francisco-and-nob-hill-san-francisco/,"Arts,Land,Urbanization"
Unspecified,Jonathan Hernandez,Vulnerabilia,https://kadist.org/work/vulnerabilia-choques-and-vulnerabilia-naufragios/,"Power,Time,Values"
Americas,Mark Grotjahn,Untitled (Butterfly),https://kadist.org/work/untitled-butterfly/,"Arts,Mind,Spirituality"
Unspecified,Carlos Garaicoa,From the series the Old and the New (XI),https://kadist.org/work/from-the-series-the-old-and-the-new-xi/,"Arts,Urbanization,History"
Americas,Rodney Graham,Basement Camera Shop circa 1937,https://kadist.org/work/basement-camera-shop-circa-1937/,"Arts,Power,Values"
Americas,Rodney Graham,Good Hand Bad Hand,https://kadist.org/work/good-hand-bad-hand/,"Media,Identity,Values"
Unspecified,Tina Modotti,Untitled (Cathedral),https://kadist.org/work/untitled-cathedral/,"Arts,Design,Media"
Americas,Rodney Graham,Ponderosa Pine IV,https://kadist.org/work/ponderosa-pine-iv/,"Arts,Technology,Body"
Americas,Barry McGee,Untitled,https://kadist.org/work/untitled-barry-mcgee/,Inequality
Middle East & Africa,Maayan Amir & Ruti Sela,Beyond Guilt,https://kadist.org/work/beyond-guilt/,"War,Land,Urbanization"
Europe,Saâdane Afif,Lyrics: Edition,https://kadist.org/work/lyrics-edition/,"Language,Culture,Colonization"
Europe,Jonas Staal,"Art, Property of Politics III, Closes Architecture",https://kadist.org/work/art-property-of-politics-iii-closes-architecture/,"Politics,Mind,Community"
Europe,Nicoline van Harskamp,Character Witness,https://kadist.org/work/character-witness/,"Arts,Mind,History"
Europe,Goldin+Senneby,The Decapitation of Money,https://kadist.org/work/the-decapitation-of-money/,"Fantasy,Economy,Spirituality"
Americas,Amie Siegel,Berlin Remake,https://kadist.org/work/berlin-remake/,"Land,Politics,Economy"
Europe,Christoph Keller,Message to the Extraterrestials,https://kadist.org/work/message-to-the-extraterrestials/,"Arts,Mind,Technology"
Asia,Cao Fei,Diversionist,https://kadist.org/work/diversionist/,"Emotion,Fantasy,Mind"
Asia,Lu Chunsheng,History of Chemistry I,https://kadist.org/work/history-of-chemistry-i/,"Arts,Land,Spirituality"
Asia,Lu Chunsheng,I Want to be Gentleman,https://kadist.org/work/i-want-to-be-gentleman/,"Economy,Land,Urbanization"
Middle East & Africa,Bani Abidi,"Karachi Series 1 (Ken DeSouza, 7:42pm, 25th August 2008, Ramadan, Karachi)",https://kadist.org/work/karachi-series-1-ken-desouza-742pm-25th-august-2008-ramadan-karachi/,"Land,Familial,Time"
Middle East & Africa,Hamra Abbas,"Cityscapes 1 (boats), 2 (woods)",https://kadist.org/work/cityscapes-1-boats-2-woods/,"Mind,Land,History"
Americas,Mario Ybarra Jr.,Ammo Bunker,https://kadist.org/work/ammo-bunker/,"Urbanization,Design,Arts"
Americas,Natasha Wheat,Kerosene Triptych,https://kadist.org/work/kerosene-triptych/,"Economy,Arts,Design"
Americas,Ian Wallace,Untitled (Breathless),https://kadist.org/work/untitled-breathless/,"Media,Arts,Technology"
Americas,Jeff Wall,Pipe Opening,https://kadist.org/work/pipe-opening/,"Materiality,Mind,Immaterial"
Americas,George Pfau,Framing Cannibal (Standing),https://kadist.org/work/framing-cannibal-standing/,"Media,Space,Body"
Americas,George Pfau,Decomposing Eternally,https://kadist.org/work/decomposing-eternally/,"Materiality,Space,Body"
Americas,George Pfau,"Zombie, Examined",https://kadist.org/work/zombie-examined/,"Space,Body,Spirituality"
Americas,Asha Schechter,"Picture 066b (Rubiks Cube, Clear Book, Clubmasters, Rubiks Cube, Vintage Pictures Retro Photos Cotton Fabric, Thumb Tack)",https://kadist.org/work/picture-066b-rubiks-cube-clear-book-clubmasters-rubiks-cube-vintage-pictures-retro-photos-cotton-fabric-thumb-tack/,"Immaterial,Values,Technology"
Americas,Pascal Shirley,Gypsy,https://kadist.org/work/gypsy/,"Emotion,Violence,Power"
Americas,Pascal Shirley,Oakland Girls,https://kadist.org/work/oakland-girls/,"Arts,Land,Time"
Americas,James Weeks,Head-Portrait with Red and Blue Background,https://kadist.org/work/head-portrait-with-red-and-blue-background/,"Urbanization,Land,Geopolitics"
Americas,James Weeks,Man with Blue Tie,https://kadist.org/work/man-with-blue-tie/,"Urbanization,Land,Arts"
Europe,John Wood & Paul Harrison,Board,https://kadist.org/work/board/,"Activism,Power,Language"
Europe,Ulla von Brandenburg,Eight,https://kadist.org/work/eight/,"Time,Body,Language"
Europe,Anri Sala,Ghost games,https://kadist.org/work/ghost-games/,"Time,Body,Familial"
Europe,Zbigniew Rogalski,Crash Position I,https://kadist.org/work/crash-position-i/,"Arts,Materiality,Media"
Americas,Paul McCarthy,Memory Mistake of the Eldridge Cleaver Pants,https://kadist.org/work/memory-mistake-of-the-eldridge-cleaver-pants/,"Culture,Urbanization,Time"
Americas,Alicia McCarthy,Untitled (The way in is the way out),https://kadist.org/work/untitled-the-way-in-is-the-way-out/,"Arts,Language,Culture"
Americas,Sharon Lockhart,"Visalia Livestock Market, Visalia, California",https://kadist.org/work/visalia-livestock-market-visalia-california/,"Community,Culture,Economy"
Americas,Matt Lipps,Untitled (Women),https://kadist.org/work/untitled-women/,"Arts,Media,Culture"
Americas,Matt Lipps,Untitled (Men),https://kadist.org/work/untitled-men/,"Culture,Media,Identity"
Americas,Tim Lee,"Untitled (Buster Keaton, 1897)",https://kadist.org/work/untitled-buster-keaton-1897/,"Arts,Media,History"
Americas,Leonardogillesfleur,Action 26:15,https://kadist.org/work/action-2615/,"Time,Physics,Identity"
Americas,Leonardogillesfleur,Action 3:02,https://kadist.org/work/action-302/,"Urbanization,Arts,Land"
Americas,Tony Labat,I Want You,https://kadist.org/work/i-want-you/,"Politics,Urbanization,Language"
Americas,George Kuchar,Burrito Bay,https://kadist.org/work/burrito-bay/,"Language,Geopolitics,Arts"
Americas,Desiree Holman,Reborn,https://kadist.org/work/reborn/,"Mind,Values,Body"
Americas,Lynn Hershman Leeson,!Women Art Revolution,https://kadist.org/work/women-art-revolution/,"Mind,Spirituality,Identity"
Americas,Kate Gilmore,Higher Horse,https://kadist.org/work/higher-horse/,"Economy,Identity"
Americas,Luis Garciga,Destinos Posibles (Possible Destinations),https://kadist.org/work/destinos-posibles-possible-destinations/,"Emotion,Language,Violence"
Americas,Ana Teresa Fernandez,Borrando la Frontera,https://kadist.org/work/borrando-la-frontera/,"Land,Geopolitics,Economy"
Unspecified,Felipe Dulzaides,Scene I am Cuba,https://kadist.org/work/scene-i-am-cuba/,"Arts,Land,Urbanization"
Europe,Hans Peter Feldmann,Teapot with shadow,https://kadist.org/work/teapot-with-shadow/,Immaterial
Europe,Hans Peter Feldmann,Hat with photograph,https://kadist.org/work/hat-with-photograph/,"Technology,Colonization,Culture"
Europe,Hans Peter Feldmann,Pair of shoes / Shoes with eggs,https://kadist.org/work/pair-of-shoes-shoes-with-eggs/,"Emotion,Values,Technology"
Europe,Martin Creed,Work No. 299,https://kadist.org/work/work-no-299/,"Materiality,Culture,Emotion"
Americas,"Jennifer Allora, Guillermo Calzadilla",The Nature of Conflict,https://kadist.org/work/the-nature-of-conflict/,"Economy,Power,Environmental"
Americas,"Jennifer Allora, Guillermo Calzadilla",Land Mark (Foot Prints) #10,https://kadist.org/work/land-mark-foot-prints-10/,"Arts,Inequality,Land"
Asia,Xiaoyun CHEN,Drag,https://kadist.org/work/drag/,"Arts,Fantasy,Mind"
Asia,Sheung-Chuen,New York Public Library Projects (NYPLP),https://kadist.org/work/new-york-public-library-projects-nyplp/,"Arts,Economy,Design"
Unspecified,Ming Wong,Making Chinatown,https://kadist.org/work/making-chinatown/,"Media,Arts,Fantasy"
Americas,Geof Oppenheimer,Anthems,https://kadist.org/work/anthems/,"Time,History,War"
Middle East & Africa,Haig Aivazian,"At every sunset, I think of you. Not because of some sense of beauty, but simply because I become acutely aware of how much time has passed since I last saw you, #3",https://kadist.org/work/every-sunset/,"Mind,Values,Arts"
Europe,Edith DEKYNDT,Dead Sea Drawing,https://kadist.org/work/dead-sea-drawing/,"Economy,Environmental,Physics"
Europe,Laure Prouvost,Stong Sory Vegetables,https://kadist.org/work/stong-sory-vegetables/,"Time,Identity,Familial"
Europe,Loretta Fahrenholz,Ditch Plains,https://kadist.org/work/ditch-plains/,"Fantasy,Materiality,Technology"
Europe,Marc Nagtzaam,Installation #1,https://kadist.org/work/installation-1/,"Arts,Technology,Time"
Americas,Rachel Rose,A Minute Ago,https://kadist.org/work/a-minute-ago/,"Power,Colonization,Environmental"
Americas,Marwa Arsanios,Carlton Hotel project,https://kadist.org/work/carlton-hotel-project/,"Arts,Urbanization,Design"
Americas,Marwa Arsanios,I heard stories,https://kadist.org/work/i-heard-stories/,"Urbanization,Arts,Mind"
Middle East & Africa,Setareh Shahbazi,Spectral Days,https://kadist.org/work/spectral-days/,"Design,Geopolitics,Media"
Americas,Patty Chang,Shangri-La,https://kadist.org/work/shangri-la/,"Economy,Fantasy,Land"
Americas,Matthew Buckingham,"The six grandfathers, Paha Sapa, in the year 502 002",https://kadist.org/work/the-six-grandfathers-paha-sapa-in-the-year-502-002/,"History,Mind,Language"
Europe,Elina Brotherus,Der Wanderer 3,https://kadist.org/work/der-wanderer-3/,"Arts,Media,Technology"
Europe,Olaf Breuning,We only move wehen something changes,https://kadist.org/work/we-only-move-when-something-changes/,"Activism,Values,Economy"
Europe,Mohamed Bourouissa,Temps mort,https://kadist.org/work/temps-mort/,"Materiality,Fantasy,Community"
Americas,Barbara Bloom,The Bedroom,https://kadist.org/work/the-bedroom/,"Design,Arts,Media"
Middle East & Africa,ATLAS GROUP / Walid Raad,"Notebook, volume 38 : Already been in a Lake of Fire",https://kadist.org/work/notebook-volume-38-already-been-in-a-lake-of-fire/,"Violence,Land,Activism"
Europe,Carey Young,Report from the legal subcommittee,https://kadist.org/work/report-from-the-legal-subcommittee/,"Space,Economy,Body"
Asia,Leung Chi Wo and Wong Sara,Photojournalist With Two Cameras,https://kadist.org/work/photojournalist-with-two-cameras/,"Arts,Media,Land"
Asia,Jakrawal Nilthamrong,Man and Gravity,https://kadist.org/work/man-and-gravity/,"Physics,Economy,Environmental"
Europe,Adelita Husni-Bey,Postcards from the Desert Island,https://kadist.org/work/postcards-from-the-desert-island/,"Arts,Power,Media"
Europe,Slavs and Tatars,Wheat Mollah,https://kadist.org/work/wheat-mollah/,"Mind,Identity,Familial"
Americas,Daniel Keller,Soft Staycation (Gaze Track Edit),https://kadist.org/work/soft-staycation-gaze-track-edit/,"Economy,Technology,Arts"
Americas,Fernanda Gomes,Untitled,https://kadist.org/work/untitled-14/,"Identity,Power,Familial"
Europe,Karla Black,Not Today,https://kadist.org/work/not-today/,Time
Europe,Em'kal Eyongakpa,Untitled 1 (Naked Routes),https://kadist.org/work/untitled-15/,"Media,Materiality,Design"
Americas,Lucas Blalock,"three, three, three",https://kadist.org/work/three-three-three/,"Arts,Materiality,Land"
Unspecified,Robert Zhao Renhui,Expedition #46,https://kadist.org/work/expedition-46-from-the-series-the-glacier-study-group-2/,"Arts,Environmental,Land"
Asia,Kwan Sheung Chi,TWO MILLION (Hong Kong Dollar),https://kadist.org/work/two-million-hong-kong-dollar/,"Time,Economy,Mind"
Asia,Kiran Subbaiah,Flight Rehearsals,https://kadist.org/work/flight-rehearsals/,"Emotion,Culture,Physics"
Middle East & Africa,Dominique Zinkpè,Cosmos animiste,https://kadist.org/work/cosmos-animiste/,"Language,Spirituality,Body"
Asia,Hayoun Kwon,Lack of Evidence,https://kadist.org/work/lack-of-evidence/,"Land,Mind,Time"
Unspecified,Daniela Ortiz,General Joan Prim i Prats,https://kadist.org/work/general-joan-prim/,"Inequality,Power,Geopolitics"
Middle East & Africa,Köken Ergun,Ashura,https://kadist.org/work/untitled-21/,"Spirituality,Culture,Land"
Europe,Paul Czerlitzki,Ohne Tittle,https://kadist.org/work/ohne-tittle/,"Arts,Spirituality,Culture"
Europe,Nora Schultz,City Song of Rug,https://kadist.org/work/city-song-rug/,"Land,Economy,Arts"
Middle East & Africa,Hossein Valamanesh,Runner,https://kadist.org/work/runner/,"Mind,Culture,Geopolitics"
Asia,Lee Kit,Tender,https://kadist.org/work/untitled-25/,"Emotion,Arts,Economy"
Americas,Uri Aran,Game II,https://kadist.org/work/game-ii/,"Spirituality,Media,Culture"
Europe,Marie Voignier,Tourisme international,https://kadist.org/work/untitled-27/,"Economy,Land,Activism"
Americas,Ed Ruscha,Whose Needs,https://kadist.org/work/whose-needs/,"Economy,Arts,Environmental"
Americas,Conrad Ruiz,Blockbuster,https://kadist.org/work/blockbuster/,"Fantasy,Urbanization,Familial"
Americas,Clare Rojas,Untitled (Bird and Eyes),https://kadist.org/work/untitled-bird-and-eyes/,"Arts,Body,Mind"
Americas,Clare Rojas,Untitled (Four-legged figure with three arms),https://kadist.org/work/untitled-four-legged-figure-with-three-arms/,"Arts,Power,Mind"
Americas,Charles Ray,All My Clothes,https://kadist.org/work/all-my-clothes/,"Mind,Physics,Economy"
Americas,Chadwick Rantanen,Telescopic Pole (Tennis Balls Red) and (Tennis Balls),https://kadist.org/work/telescopic-pole-tennis-balls-red-and-tennis-balls/,"Spirituality,Technology,Culture"
Americas,Raymond Pettibon,Untitled (Superman),https://kadist.org/work/untitled-superman/,"Arts,Fantasy,Emotion"
Europe,Fabrice Hyber,Valz,https://kadist.org/work/valz/,"Time,Design,Arts"
Europe,Alban Hajdinaj,Wash & Go,https://kadist.org/work/wash-go/,"Land,Technology,Inequality"
Europe,Loris Gréaud,Dream Machines,https://kadist.org/work/dream-machines/,"Fantasy,Mind,Technology"
Europe,Felix Gmelin,Ambiguous Gestures,https://kadist.org/work/ambiguous-gestures/,"Familial,Design,Media"
Middle East & Africa,Omer Fast,De Grote Boodschap,https://kadist.org/work/de-grote-boodschap/,"Geopolitics,Economy,Politics"
Asia,Jun Nguyen Hatsushiba,Ho! Ho! Ho! Merry Christmas: Battle of Easel Point - Memorial Project Okinawa,https://kadist.org/work/ho-ho-ho-merry-christmas-battle-of-easel-point-memorial-project-okinawa/,"Emotion,War,Violence"
Americas,Philip-Lorca diCorcia,New York City,https://kadist.org/work/new-york-city/,"Arts,Time,Identity"
Europe,Julius Koller,UFO-Expedition (U.F.O.),https://kadist.org/work/ufo-expedition-u-f-o/,"Emotion,Mind,Spirituality"
Europe,Kristof Kintera,Bad innovation in the name of protection (Gulf Style),https://kadist.org/work/bad-innovation-in-the-name-of-protection-gulf-style/,"Arts,Spirituality,Economy"
Europe,Thomas Kilpper,John Heartfield and Silvio Berlusconi,https://kadist.org/work/john-heartfield-and-silvio-berlusconi/,"Land,Activism,History"
Europe,Christian Jankowski,Rooftop Routine,https://kadist.org/work/rooftop-routine/,"Arts,Media,Power"
Americas,John Isaacs,A child and dreamer my whole life long (broken tree),https://kadist.org/work/a-child-and-dreamer-my-whole-life-long-broken-tree/,"Time,Body,Violence"
Europe,Fabrice Hyber,Cellman,https://kadist.org/work/cellman/,"Design,Arts,Media"
Europe,Deimantas Narkevicius,The Dud Effect,https://kadist.org/work/the-dud-effect/,"Emotion,Violence,Power"
Europe,Martin Boyce,"Our love is like the Flowers, the Rain, the Sea and the Hours",https://kadist.org/work/our-love-is-like-the-flowers-the-rain-the-sea-and-the-hours/,"Land,Arts,Fantasy"
Europe,Ceal Floyer,No Position Available,https://kadist.org/work/no-position-available/,"Economy,Time,Fantasy"
Europe,Katinka Bock,Couler un tas de pierres,https://kadist.org/work/couler-un-tas-de-pierres/,"Fantasy,Language,Land"
Europe,Katinka Bock,First Piano,https://kadist.org/work/first-piano/,"Environmental,Space"
Middle East & Africa,Michal Chelbin,Strangely familiar: Angelina with her father,https://kadist.org/work/strangely-familiar-angelina-with-her-father/,"Body,Time,Community"
Americas,Jordan Wolfson,Dreaming of the dream of the dream,https://kadist.org/work/dreaming-of-the-dream-of-the-dream/,"Media,Time,Arts"
Europe,Matti Braun,Ohne Titel,https://kadist.org/work/ohne-titel/,"Geopolitics,Language,Time"
Europe,Anna Molska,Perspective,https://kadist.org/work/perspective/,"Land,Urbanization,Community"
Europe,Laurent Montaron,What remains is future,https://kadist.org/work/what-remains-is-future/,"Economy,Environmental,Culture"
Europe,Trevor Yeung,We both died at the same moment Siliquaria armata,https://kadist.org/work/we-both-died/,"Physics,Language,Familial"
Europe,Ryan Gander,A vehicle with no Lights,https://kadist.org/work/a-vehicle-with-no-lights/,"Design,Values,Technology"
Europe,Kennedy Browne,Milton Friedman on the wonder of the free market pencil,https://kadist.org/work/milton-friedman-on-the-wonder-of-the-free-market-pencil/,"Fantasy,Language,Activism"
Europe,Clemens von Wedemeyer,Die Siedlung,https://kadist.org/work/die-siedlung/,"Arts,Politics,Technology"
Europe,Toby Ziegler,The Fifth Quarter,https://kadist.org/work/the-fifth-quarter/,"Mind,Media,Fantasy"
Europe,Toby Ziegler,Wagon Wheel,https://kadist.org/work/wagon-wheel/,"Arts,Spirituality,Mind"
Europe,Bruno Pacheco,En Guard Souvenir,https://kadist.org/work/en-guard-souvenir/,"Materiality,Land,History"
Middle East & Africa,Taysir Batniji,Fathers #18 and Fathers #27,https://kadist.org/work/fathers-18-and-fathers-27/,"Land,Time,Materiality"
Unspecified,Milena Bonilla,Stone Deaf,https://kadist.org/work/stone-deaf/,"Politics,Economy,Geopolitics"
Unspecified,Carlos Amorales,From Useless Wonder 04,https://kadist.org/work/from-useless-wonder-04/,"Arts,Language,Design"
Unspecified,Pablo Accinelli,Onde quer voce esteja (Wherever you may be),https://kadist.org/work/onde-quer-voce-esteja-wherever-you-may-be/,"Language,Materiality,Arts"
Unspecified,Wong Hoy Cheong,Re: Looking,https://kadist.org/work/re-looking/,"Economy,Arts,Fantasy"
Asia,Zhou Tao,One Two Three Four,https://kadist.org/work/one-two-three-four/,"Economy,Technology,Design"
Asia,Koki Tanaka,Process of Blowing Flour,https://kadist.org/work/process-of-blowing-flour/,"Mind,Spirituality,Time"
Asia,Koki Tanaka,Walking Through,https://kadist.org/work/walking-through/,"Land,Time,Violence"
Unspecified,Eko Nugroho,Its Always Fun to Live in This Country,https://kadist.org/work/its-always-fun-to-live-in-this-country/,"Fantasy,Materiality,Spirituality"
Asia,Minouk Lim,New Town Ghost,https://kadist.org/work/new-town-ghost/,"Politics,Economy,Activism"
Unspecified,Jompet Kuswidananto,Third Realm Venice Series #2,https://kadist.org/work/third-realm-venice-series-2/,"Land,Urbanization,Politics"
Asia,Jianwei Wang,"Dilemma, three way of fork in the road",https://kadist.org/work/dilemma-three-way-of-fork-in-the-road/,"Arts,Media,History"
Asia,Gimhongsok,Bunny’s Sofa,https://kadist.org/work/bunnys-sofa/,"Values,Economy,Community"
Europe,Melvin Moti,The Prisoner’s Cinema,https://kadist.org/work/the-prisoners-cinema/,"Mind,Violence,Inequality"
Europe,David Maljkovic,These Days,https://kadist.org/work/these-days/,"Emotion,Economy,Land"
Europe,Pierre Leguillon,"Diane Arbus: A printed retrospective, 1960-1971",https://kadist.org/work/diane-arbus-a-printed-retrospective-1960-1971/,"Arts,Media,Language"
Europe,Claire Fontaine,Foreigners Everywhere (Italian),https://kadist.org/work/foreigners-everywhere-italian/,"Emotion,Politics,Economy"
Americas,Felipe Arturo,Primero Estaba el Mar,https://kadist.org/work/primero-estaba-el-mar/,"Time,Physics,Community"
Americas,Nicolás Consuegra,Nadie sabe de la sed con que otro bebe (No one knows the thirst with which another drinks),https://kadist.org/work/nadie-sabe-con-la-sed-que-otro-bebe/,"Physics,Materiality,Immaterial"
Americas,Javier M. Rodríguez,Going Round and Round in a Line ST (12m),https://kadist.org/work/going-round-and-round-in-a-line-st-12m/,"Geopolitics,Time,Design"
Unspecified,Jazmín López,Juego Vivo,https://kadist.org/work/juego-vivo/,"Power,Violence,Fantasy"
Asia,Chitti Kasemkitvatana,mo(nu)ment/mem(y)orial(another transmission,https://kadist.org/work/monumentmemyorialanother-transmission/,"Media,Power,Arts"
Europe,Asier Mendizabal,"Rotation (Moiré, Rome)",https://kadist.org/work/rotation-moire-rome/,"Community,Culture,History"
Americas,Arabella Campbell,Gradation,https://kadist.org/work/gradation/,Materiality
Europe,Clément Rodzielski,Untitled,https://kadist.org/work/sans-titre/,"Environmental,Design,Time"
Unspecified,Imran Qureshi,You who are my love and my life’s enemy too,https://kadist.org/work/you-who-are-my-love-and-my-lifes-enemy-too/,"Violence,War,Fantasy"
Europe,Bettina Pousttchi,Echo 8,https://kadist.org/work/echo-8/,"Arts,Land,Mind"
Europe,Ciprian Muresan,Untitled (Monks),https://kadist.org/work/untitled-monks/,"Arts,Fantasy,Culture"
Europe,Lydia Gifford,Warder,https://kadist.org/work/warder/,"Space,Land,Body"
Europe,Mike Cooter,Forensic Poster,https://kadist.org/work/forensic-poster/,"Mind,Culture,Time"
Americas,Larry Bell,VFGY9,https://kadist.org/work/vfgy9/,"Space,Physics,Environmental"
Americas,Larry Bell,Untitled (Construction),https://kadist.org/work/untitled-construction/,"Technology,Identity,Familial"
Americas,Stephen Beal,Beau Soleil #7,https://kadist.org/work/beau-soleil-7/,"Arts,Materiality,Culture"
Americas,John Baldessari,"Person with Pillow: Desire, Lust, Fate",https://kadist.org/work/person-with-pillow-desire-lust-fate/,"Emotion,Violence,Space"
Americas,John Baldessari,One Must,https://kadist.org/work/one-must/,"Language,Arts,Violence"
Americas,Edgar Arceneaux,Untitled (Wheelchair drawing),https://kadist.org/work/untitled-wheelchair-drawing/,"Arts,History,Urbanization"
Americas,Doug Aitken,Frontier-Linear,https://kadist.org/work/frontier-linear/,"Time,Arts,Geopolitics"
Americas,Zarouhie Abdalian,Flutter,https://kadist.org/work/flutter/,"Identity,Design,Mind"
Americas,Alexis Smith,Iron Sorrows,https://kadist.org/work/iron-sorrows/,Environmental
Europe,Jeremy Deller,Beyond the White Walls,https://kadist.org/work/beyond-the-white-walls/,"Urbanization,Community,History"
Asia,Zhou Tao,After Reality,https://kadist.org/work/after-reality/,"Urbanization,Land,Identity"
Americas,Lucas Blalock,Tree on Keystone,https://kadist.org/work/tree-on-keystone/,"Arts,Land,Culture"
Americas,Jeff Burton,Eniko Mihalik,https://kadist.org/work/eniko-mihalik/,"Technology,Power,Materiality"
Americas,Kori Newkirk,LAB,https://kadist.org/work/lab/,"Identity,Environmental,Media"
Americas,Futurefarmers,A Variation on Powers of Ten,https://kadist.org/work/a-variation-on-powers-of-ten/,"Space,Language,Environmental"
Americas,Jennifer West,Dawn Surf Jellybowl,https://kadist.org/work/dawn-surf-jellybowl/,"Economy,Arts,Spirituality"
Middle East & Africa,Yael Bartana,A Declaration,https://kadist.org/work/a-declaration/,"Materiality,Colonization,Body"
Europe,Mark Leckey,Made in Heaven,https://kadist.org/work/made-in-heaven/,"Design,Media,Identity"
Europe,Tobias Rehberger,9 O’clock? (my time is not your time),https://kadist.org/work/9-oclock-my-time-is-not-your-time/,"Time,Mind,Values"
Europe,Nathalie Djurberg,Once Removed on my Mother’s Side,https://kadist.org/work/once-removed-on-my-mothers-side/,"Fantasy,Violence,Arts"
Europe,Nathalie Djurberg,Hans Forlorara sina bada amar och ben,https://kadist.org/work/hans-forlorara-sina/,"Fantasy,Violence,Arts"
Americas,Dennis Adams,Make Down,https://kadist.org/work/make-down/,"Arts,Media,History"
Americas,Dennis Adams,The End,https://kadist.org/work/the-end/,"Media,Arts,War"
Middle East & Africa,Santu Mofokeng,"Sangoma Cleansing Ritual at Kliprivier, Soweto",https://kadist.org/work/sangoma-cleansing-ritual-at-kliprivier-soweto/,"Colonization,Environmental,Time"
Middle East & Africa,Santu Mofokeng,"Altar at Kliprivier, Soweto",https://kadist.org/work/altar-at-kliprivier-soweto/,"Colonization,Environmental,Time"
Americas,Elisheva Biernoff,They Were Here,https://kadist.org/work/they-were-here/,"Fantasy,Spirituality,Arts"
Americas,Jeff Burton,Negligee,https://kadist.org/work/negligee/,"Body,Emotion,Media"
Americas,Felipe Arturo,Trópico entrópico,https://kadist.org/work/tropico-entropico/,"Violence,Power,History"
Americas,Pia Camil,Espectacular cortina,https://kadist.org/work/espectacular-cortina/,"Arts,Land,Media"
Americas,Michelle Handelman,"Dorian, a cinematic perfume",https://kadist.org/work/dorian-a-cinematic-perfume/,"Time,Language,Colonization"
Unspecified,Humberto Diaz,Observador Pasivo,https://kadist.org/work/observador-pasivo/,"Land,Politics,Urbanization"
Americas,Humberto Diaz,3600 besos por hora,https://kadist.org/work/3600-besos-por-hora/,"Land,Urbanization,History"
Unspecified,Sergio De La Torre,This is not in Spanish,https://kadist.org/work/this-is-not-in-spanish/,"Geopolitics,Colonization,Economy"
Unspecified,Edgardo Aragón,Efectos de familia,https://kadist.org/work/efectos-de-familia/,"Arts,Land,Community"
Unspecified,Mauricio Ancalmo,War Footage,https://kadist.org/work/war-footage/,"Arts,Technology,Language"
Unspecified,Pedro Reyes,Los Mutantes,https://kadist.org/work/los-mutantes/,"Environmental,Power,Politics"
Unspecified,Edgar Orlaineta,"Solar Do (It Yourself) Nothing Toy, After Charles Eames",https://kadist.org/work/solar-do-it-yourself-nothing-toy-after-charles-eames/,"Technology,Land,War"
Unspecified,Marepe,Periquitos (Parakeets),https://kadist.org/work/periquitos-parakeets/,"Land,Media,Urbanization"
Unspecified,Voluspa Jarpa,Minimal Secret,https://kadist.org/work/minimal-secret/,"Land,Arts,Politics"
Americas,Jeffrey Vallance,Rocket,https://kadist.org/work/rocket/,"Design,Values,Technology"
Americas,Mungo Thomson,The White Album,https://kadist.org/work/the-white-album/,"Arts,History,Technology"
Americas,Mungo Thomson,Untitled (TIME),https://kadist.org/work/untitled-time/,"Time,History,Media"
Americas,Robert Therrien,Untitled (Blue Chapel),https://kadist.org/work/untitled-blue-chapel/,"Arts,Mind,Time"
Americas,Diana Thater,Perpetual Motion Two,https://kadist.org/work/perpetual-motion-two/,"Geopolitics,Time,Environmental"
Americas,Ron Terada,"Maiko #1, #2, #3",https://kadist.org/work/maiko-1-2-3/,"Economy,Identity,Physics"
Americas,Mark Soo,That’s That’s Alright Alright Mama Mama,https://kadist.org/work/thats-thats-alright-alright-mama-mama/,"Arts,Media,Land"
Americas,Ben Shaffer,Ben Deroy,https://kadist.org/work/ben-deroy/,"Spirituality,Fantasy,Identity"
Americas,Allan Sekula,"California Stories Attempt to correlate social class with elevation above main harbor channel (San Pedro, July 1975)",https://kadist.org/work/california-stories-attempt-to-correlate-social-class-with-elevation-above-main-harbor-channel-san-pedro-july-1975/,"Land,Urbanization,Inequality"
Americas,Ilene Segalove,U.S. Treasury Nose,https://kadist.org/work/u-s-treasury-nose/,"Mind,Culture,Media"
Americas,John Houck,"Baby Shoes, Never Worn",https://kadist.org/work/baby-shoes-never-worn/,"Familial,Body,Time"
Americas,Ari Marcopoulos,Jackass,https://kadist.org/work/jackass/,"Land,History,Urbanization"
Americas,Ari Marcopoulos,Green Box,https://kadist.org/work/green-box/,"Technology,Land,Values"
Americas,Toyin Ojih Odutola,Prove how much you have grown,https://kadist.org/work/prove-how-much-you-have-grown/,"Arts,Design,Community"
Americas,George Pfau,"Zombie Swallows the World, Swallowed by the World",https://kadist.org/work/zombie-swallows-the-world-swallowed-by-the-world/,"Geopolitics,Spirituality"
Europe,Pauline Boudry and Renate Lorenz,Salomania,https://kadist.org/work/salomania/,"Space,Body,Identity"
Europe,Charles Avery,Untitled (Map),https://kadist.org/work/untitled-map/,"Fantasy,Materiality,Arts"
Americas,Will Rogan,Collapse,https://kadist.org/work/collapse/,"Time,Geopolitics,Power"
Americas,Eamon Ore-Giron,Bite Work,https://kadist.org/work/bite-work/,"Power,Violence,Activism"
Americas,Yoshua Okón,Canned Laughter,https://kadist.org/work/canned-laughter/,"Arts,Power,Economy"
Americas,Ranu Mukherjee,"Color of History, Sweating Rocks",https://kadist.org/work/color-of-history-sweating-rocks/,"Economy,Geopolitics,Arts"
Americas,Julio Cesar Morales,Contrabando,https://kadist.org/work/contrabando/,"Economy,Power,Inequality"
Americas,Jennifer Locke,Choke,https://kadist.org/work/choke/,"Body,Violence,Activism"
Americas,Leonardogillesfleur,Myself as a Fountain,https://kadist.org/work/myself-as-a-fountain/,"Emotion,Violence,Community"
